second,Input,Output
0,2.80000019,1.84375
2.00E-05,2.86250019,1.8125
4.00E-05,2.98750019,1.78125
6.00E-05,3.05000019,1.75
8.00E-05,3.23750019,1.75
1.00E-04,3.36250019,1.71875
0.00012,3.48750019,1.71875
0.00014,3.55000019,1.6875
0.00016,3.67500019,1.6875
0.00018,3.80000019,1.625
0.0002,3.86250019,1.5625
0.00022,4.11250019,1.59375
0.00024,4.17500019,1.5625
0.00026,4.36250019,1.53125
0.00028,4.48750019,1.5
0.0003,4.55000019,1.4375
0.00032,4.73750019,1.46875
0.00034,4.86250019,1.40625
0.00036,4.92500019,1.40625
0.00038,5.17500019,1.375
0.0004,5.23750019,1.34375
0.00042,5.36250019,1.28125
0.00044,5.55000019,1.3125
0.00046,5.67500019,1.28125
0.00048,5.73750019,1.21875
0.0005,5.86250019,1.21875
0.00052,6.05000019,1.21875
0.00054,6.17500019,1.1875
0.00056,6.30000019,1.125
0.00058,6.30000019,1.125
0.0006,6.48750019,1.09375
0.00062,6.67500019,1.0625
0.00064,6.73750019,1.03125
0.00066,6.86250019,1.03125
0.00068,6.92500019,0.96875
0.0007,7.05000019,1
0.00072,7.17500019,0.9375
0.00074,7.17500019,0.9375
0.00076,7.42500019,0.9375
0.00078,7.55000019,0.90625
0.0008,7.55000019,0.90625
0.00082,7.61250019,0.84375
0.00084,7.73750019,0.84375
0.00086,7.80000019,0.84375
0.00088,7.86250019,0.84375
0.0009,7.98750019,0.8125
0.00092,7.98750019,0.78125
0.00094,8.05000019,0.78125
0.00096,8.11250019,0.75
0.00098,8.23750019,0.78125
0.001,8.30000019,0.78125
0.00102,8.30000019,0.71875
0.00104,8.36250019,0.75
0.00106,8.48750019,0.71875
0.00108,8.42500019,0.75
0.0011,8.42500019,0.71875
0.00112,8.36250019,0.71875
0.00114,8.42500019,0.6875
0.00116,8.42500019,0.6875
0.00118,8.48750019,0.6875
0.0012,8.48750019,0.75
0.00122,8.55000019,0.6875
0.00124,8.55000019,0.71875
0.00126,8.42500019,0.75
0.00128,8.42500019,0.71875
0.0013,8.48750019,0.71875
0.00132,8.36250019,0.75
0.00134,8.30000019,0.75
0.00136,8.36250019,0.78125
0.00138,8.23750019,0.78125
0.0014,8.23750019,0.78125
0.00142,8.17500019,0.8125
0.00144,8.11250019,0.8125
0.00146,8.11250019,0.84375
0.00148,8.05000019,0.84375
0.0015,7.92500019,0.875
0.00152,7.86250019,0.875
0.00154,7.73750019,0.90625
0.00156,7.67500019,0.9375
0.00158,7.67500019,0.9375
0.0016,7.48750019,0.9375
0.00162,7.42500019,0.96875
0.00164,7.36250019,1
0.00166,7.30000019,1.0625
0.00168,7.11250019,1.03125
0.0017,7.11250019,1.0625
0.00172,6.92500019,1.125
0.00174,6.73750019,1.125
0.00176,6.67500019,1.125
0.00178,6.55000019,1.15625
0.0018,6.42500019,1.25
0.00182,6.36250019,1.25
0.00184,6.23750019,1.25
0.00186,6.23750019,1.28125
0.00188,5.92500019,1.25
0.0019,5.92500019,1.34375
0.00192,5.73750019,1.34375
0.00194,5.61250019,1.375
0.00196,5.48750019,1.4375
0.00198,5.42500019,1.4375
0.002,5.17500019,1.4375
0.00202,5.11250019,1.46875
0.00204,4.98750019,1.5
0.00206,4.86250019,1.53125
0.00208,4.61250019,1.53125
0.0021,4.61250019,1.5625
0.00212,4.42500019,1.625
0.00214,4.30000019,1.625
0.00216,4.23750019,1.6875
0.00218,4.05000019,1.6875
0.0022,3.92500019,1.71875
0.00222,3.80000019,1.71875
0.00224,3.61250019,1.78125
0.00226,3.48750019,1.78125
0.00228,3.48750019,1.8125
0.0023,3.36250019,1.84375
0.00232,3.23750019,1.84375
0.00234,3.17500019,1.875
0.00236,2.98750019,1.90625
0.00238,2.92500019,1.875
0.0024,2.80000019,1.90625
0.00242,2.67500019,1.9375
0.00244,2.61250019,1.96875
0.00246,2.48750019,1.96875
0.00248,2.42500019,2
0.0025,2.36250019,2.03125
0.00252,2.17500019,2.03125
0.00254,2.17500019,2.0625
0.00256,2.11250019,2.0625
0.00258,1.92500019,2.03125
0.0026,1.98750019,2.0625
0.00262,1.92500019,2.09375
0.00264,1.92500019,2.09375
0.00266,1.73750019,2.125
0.00268,1.73750019,2.125
0.0027,1.73750019,2.125
0.00272,1.67500019,2.15625
0.00274,1.61250019,2.125
0.00276,1.61250019,2.125
0.00278,1.55000019,2.09375
0.0028,1.61250019,2.15625
0.00282,1.55000019,2.15625
0.00284,1.55000019,2.125
0.00286,1.55000019,2.15625
0.00288,1.55000019,2.125
0.0029,1.48750019,2.15625
0.00292,1.55000019,2.125
0.00294,1.55000019,2.125
0.00296,1.61250019,2.09375
0.00298,1.61250019,2.09375
0.003,1.67500019,2.09375
0.00302,1.67500019,2.09375
0.00304,1.73750019,2.0625
0.00306,1.73750019,2.0625
0.00308,1.73750019,2.0625
0.0031,1.86250019,2.03125
0.00312,1.98750019,2.03125
0.00314,1.92500019,1.96875
0.00316,2.11250019,1.96875
0.00318,2.17500019,2
0.0032,2.17500019,1.96875
0.00322,2.30000019,1.96875
0.00324,2.30000019,1.9375
0.00326,2.48750019,1.875
0.00328,2.42500019,1.90625
0.0033,2.67500019,1.875
0.00332,2.73750019,1.875
0.00334,2.80000019,1.84375
0.00336,2.92500019,1.8125
0.00338,3.11250019,1.78125
0.0034,3.11250019,1.75
0.00342,3.30000019,1.75
0.00344,3.30000019,1.6875
0.00346,3.48750019,1.6875
0.00348,3.61250019,1.6875
0.0035,3.73750019,1.625
0.00352,3.86250019,1.625
0.00354,3.98750019,1.59375
0.00356,4.11250019,1.5625
0.00358,4.23750019,1.53125
0.0036,4.30000019,1.5
0.00362,4.48750019,1.5
0.00364,4.61250019,1.4375
0.00366,4.80000019,1.4375
0.00368,4.98750019,1.4375
0.0037,5.05000019,1.40625
0.00372,5.11250019,1.375
0.00374,5.30000019,1.3125
0.00376,5.48750019,1.3125
0.00378,5.48750019,1.25
0.0038,5.73750019,1.28125
0.00382,5.80000019,1.21875
0.00384,5.92500019,1.21875
0.00386,6.05000019,1.1875
0.00388,6.23750019,1.125
0.0039,6.30000019,1.15625
0.00392,6.48750019,1.125
0.00394,6.48750019,1.0625
0.00396,6.67500019,1.0625
0.00398,6.73750019,1.03125
0.004,6.92500019,1
0.00402,6.98750019,1
0.00404,7.11250019,0.96875
0.00406,7.23750019,0.9375
0.00408,7.23750019,0.90625
0.0041,7.42500019,0.90625
0.00412,7.48750019,0.90625
0.00414,7.55000019,0.875
0.00416,7.67500019,0.84375
0.00418,7.80000019,0.84375
0.0042,7.80000019,0.84375
0.00422,7.92500019,0.8125
0.00424,7.98750019,0.75
0.00426,8.11250019,0.78125
0.00428,8.11250019,0.8125
0.0043,8.11250019,0.71875
0.00432,8.23750019,0.78125
0.00434,8.30000019,0.71875
0.00436,8.30000019,0.75
0.00438,8.36250019,0.75
0.0044,8.36250019,0.6875
0.00442,8.36250019,0.71875
0.00444,8.42500019,0.71875
0.00446,8.42500019,0.6875
0.00448,8.48750019,0.6875
0.0045,8.48750019,0.6875
0.00452,8.48750019,0.71875
0.00454,8.48750019,0.6875
0.00456,8.48750019,0.71875
0.00458,8.48750019,0.71875
0.0046,8.48750019,0.75
0.00462,8.42500019,0.75
0.00464,8.42500019,0.71875
0.00466,8.36250019,0.78125
0.00468,8.36250019,0.75
0.0047,8.36250019,0.8125
0.00472,8.30000019,0.8125
0.00474,8.30000019,0.8125
0.00476,8.17500019,0.8125
0.00478,8.11250019,0.84375
0.0048,8.05000019,0.84375
0.00482,7.98750019,0.84375
0.00484,7.86250019,0.875
0.00486,7.86250019,0.90625
0.00488,7.80000019,0.9375
0.0049,7.73750019,0.9375
0.00492,7.55000019,0.9375
0.00494,7.55000019,0.96875
0.00496,7.42500019,1
0.00498,7.30000019,1
0.005,7.23750019,1.03125
0.00502,7.05000019,1.0625
0.00504,7.11250019,1.09375
0.00506,6.92500019,1.125
0.00508,6.73750019,1.125
0.0051,6.61250019,1.125
0.00512,6.55000019,1.1875
0.00514,6.36250019,1.15625
0.00516,6.30000019,1.25
0.00518,6.17500019,1.25
0.0052,6.05000019,1.28125
0.00522,5.98750019,1.3125
0.00524,5.86250019,1.34375
0.00526,5.73750019,1.375
0.00528,5.55000019,1.40625
0.0053,5.42500019,1.375
0.00532,5.36250019,1.4375
0.00534,5.23750019,1.46875
0.00536,5.05000019,1.4375
0.00538,4.92500019,1.5
0.0054,4.80000019,1.53125
0.00542,4.67500019,1.59375
0.00544,4.55000019,1.59375
0.00546,4.42500019,1.59375
0.00548,4.30000019,1.625
0.0055,4.11250019,1.6875
0.00552,4.05000019,1.6875
0.00554,3.86250019,1.75
0.00556,3.80000019,1.75
0.00558,3.61250019,1.75
0.0056,3.48750019,1.8125
0.00562,3.42500019,1.8125
0.00564,3.30000019,1.84375
0.00566,3.17500019,1.84375
0.00568,2.98750019,1.875
0.0057,2.92500019,1.90625
0.00572,2.86250019,1.9375
0.00574,2.73750019,1.90625
0.00576,2.67500019,1.9375
0.00578,2.55000019,1.96875
0.0058,2.48750019,1.96875
0.00582,2.42500019,2
0.00584,2.30000019,2.03125
0.00586,2.17500019,2.03125
0.00588,2.17500019,2.0625
0.0059,2.05000019,2.0625
0.00592,1.98750019,2.03125
0.00594,1.98750019,2.09375
0.00596,1.92500019,2.09375
0.00598,1.86250019,2.09375
0.006,1.73750019,2.125
0.00602,1.67500019,2.09375
0.00604,1.67500019,2.125
0.00606,1.67500019,2.125
0.00608,1.61250019,2.15625
0.0061,1.61250019,2.15625
0.00612,1.55000019,2.125
0.00614,1.55000019,2.15625
0.00616,1.55000019,2.15625
0.00618,1.48750019,2.15625
0.0062,1.55000019,2.125
0.00622,1.48750019,2.125
0.00624,1.55000019,2.125
0.00626,1.61250019,2.15625
0.00628,1.55000019,2.125
0.0063,1.61250019,2.125
0.00632,1.67500019,2.125
0.00634,1.67500019,2.09375
0.00636,1.67500019,2.09375
0.00638,1.80000019,2.09375
0.0064,1.73750019,2.0625
0.00642,1.80000019,2.03125
0.00644,1.86250019,2.0625
0.00646,1.98750019,2.03125
0.00648,1.98750019,2
0.0065,2.11250019,1.96875
0.00652,2.17500019,2
0.00654,2.17500019,1.9375
0.00656,2.30000019,1.9375
0.00658,2.36250019,1.90625
0.0066,2.48750019,1.90625
0.00662,2.61250019,1.90625
0.00664,2.61250019,1.84375
0.00666,2.73750019,1.875
0.00668,2.92500019,1.84375
0.0067,2.98750019,1.78125
0.00672,3.11250019,1.75
0.00674,3.17500019,1.75
0.00676,3.30000019,1.71875
0.00678,3.36250019,1.6875
0.0068,3.55000019,1.65625
0.00682,3.67500019,1.625
0.00684,3.80000019,1.59375
0.00686,3.86250019,1.59375
0.00688,3.98750019,1.59375
0.0069,4.17500019,1.59375
0.00692,4.30000019,1.53125
0.00694,4.42500019,1.5
0.00696,4.55000019,1.5
0.00698,4.67500019,1.4375
0.007,4.86250019,1.4375
0.00702,4.92500019,1.40625
0.00704,5.11250019,1.40625
0.00706,5.23750019,1.34375
0.00708,5.36250019,1.34375
0.0071,5.48750019,1.3125
0.00712,5.55000019,1.28125
0.00714,5.80000019,1.28125
0.00716,5.86250019,1.25
0.00718,5.98750019,1.1875
0.0072,6.11250019,1.1875
0.00722,6.17500019,1.125
0.00724,6.36250019,1.125
0.00726,6.42500019,1.09375
0.00728,6.55000019,1.0625
0.0073,6.67500019,1.03125
0.00732,6.80000019,1.0625
0.00734,6.92500019,1
0.00736,7.05000019,0.96875
0.00738,7.17500019,0.9375
0.0074,7.23750019,0.9375
0.00742,7.36250019,0.90625
0.00744,7.42500019,0.90625
0.00746,7.55000019,0.875
0.00748,7.55000019,0.875
0.0075,7.73750019,0.84375
0.00752,7.80000019,0.84375
0.00754,7.80000019,0.8125
0.00756,7.92500019,0.84375
0.00758,8.05000019,0.8125
0.0076,8.05000019,0.8125
0.00762,8.11250019,0.78125
0.00764,8.17500019,0.78125
0.00766,8.30000019,0.75
0.00768,8.36250019,0.75
0.0077,8.30000019,0.71875
0.00772,8.30000019,0.75
0.00774,8.36250019,0.71875
0.00776,8.42500019,0.6875
0.00778,8.42500019,0.6875
0.0078,8.42500019,0.71875
0.00782,8.42500019,0.6875
0.00784,8.55000019,0.6875
0.00786,8.55000019,0.71875
0.00788,8.48750019,0.71875
0.0079,8.55000019,0.75
0.00792,8.42500019,0.71875
0.00794,8.42500019,0.75
0.00796,8.42500019,0.71875
0.00798,8.42500019,0.71875
0.008,8.30000019,0.75
0.00802,8.42500019,0.75
0.00804,8.30000019,0.78125
0.00806,8.30000019,0.8125
0.00808,8.23750019,0.8125
0.0081,8.17500019,0.84375
0.00812,8.11250019,0.8125
0.00814,8.11250019,0.875
0.00816,7.86250019,0.84375
0.00818,7.98750019,0.90625
0.0082,7.86250019,0.90625
0.00822,7.67500019,0.90625
0.00824,7.67500019,0.9375
0.00826,7.55000019,0.96875
0.00828,7.48750019,0.96875
0.0083,7.36250019,1
0.00832,7.30000019,1.03125
0.00834,7.17500019,1.03125
0.00836,7.11250019,1.03125
0.00838,6.98750019,1.125
0.0084,6.86250019,1.125
0.00842,6.73750019,1.15625
0.00844,6.61250019,1.15625
0.00846,6.42500019,1.15625
0.00848,6.42500019,1.21875
0.0085,6.23750019,1.25
0.00852,6.05000019,1.25
0.00854,6.05000019,1.3125
0.00856,5.98750019,1.34375
0.00858,5.73750019,1.34375
0.0086,5.67500019,1.375
0.00862,5.55000019,1.40625
0.00864,5.42500019,1.40625
0.00866,5.36250019,1.46875
0.00868,5.11250019,1.4375
0.0087,4.98750019,1.5
0.00872,4.86250019,1.53125
0.00874,4.80000019,1.53125
0.00876,4.61250019,1.59375
0.00878,4.48750019,1.625
0.0088,4.30000019,1.59375
0.00882,4.23750019,1.625
0.00884,4.05000019,1.65625
0.00886,3.92500019,1.71875
0.00888,3.86250019,1.75
0.0089,3.73750019,1.75
0.00892,3.67500019,1.75
0.00894,3.48750019,1.8125
0.00896,3.36250019,1.84375
0.00898,3.23750019,1.875
0.009,3.17500019,1.875
0.00902,3.05000019,1.875
0.00904,2.92500019,1.875
0.00906,2.92500019,1.9375
0.00908,2.73750019,1.9375
0.0091,2.61250019,1.9375
0.00912,2.55000019,1.9375
0.00914,2.36250019,1.96875
0.00916,2.36250019,2.03125
0.00918,2.23750019,2
0.0092,2.23750019,2.03125
0.00922,2.17500019,2.0625
0.00924,2.05000019,2.0625
0.00926,1.98750019,2.09375
0.00928,1.98750019,2.09375
0.0093,1.80000019,2.0625
0.00932,1.86250019,2.09375
0.00934,1.73750019,2.125
0.00936,1.67500019,2.09375
0.00938,1.67500019,2.125
0.0094,1.61250019,2.125
0.00942,1.61250019,2.125
0.00944,1.61250019,2.15625
0.00946,1.48750019,2.125
0.00948,1.55000019,2.15625
0.0095,1.61250019,2.1875
0.00952,1.48750019,2.125
0.00954,1.48750019,2.15625
0.00956,1.55000019,2.125
0.00958,1.61250019,2.15625
0.0096,1.55000019,2.125
0.00962,1.61250019,2.125
0.00964,1.61250019,2.125
0.00966,1.61250019,2.09375
0.00968,1.67500019,2.09375
0.0097,1.73750019,2.0625
0.00972,1.80000019,2.09375
0.00974,1.80000019,2.03125
0.00976,1.86250019,2.03125
0.00978,1.98750019,2.03125
0.0098,1.92500019,2
0.00982,2.05000019,2.03125
0.00984,2.11250019,1.96875
0.00986,2.11250019,1.96875
0.00988,2.30000019,2
0.0099,2.36250019,1.9375
0.00992,2.42500019,1.9375
0.00994,2.55000019,1.875
0.00996,2.61250019,1.84375
0.00998,2.67500019,1.875
0.01,2.80000019,1.84375
0.01002,2.92500019,1.8125
0.01004,3.05000019,1.78125
0.01006,3.11250019,1.78125
0.01008,3.23750019,1.75
0.0101,3.36250019,1.71875
0.01012,3.48750019,1.71875
0.01014,3.55000019,1.65625
0.01016,3.67500019,1.625
0.01018,3.80000019,1.625
0.0102,3.92500019,1.59375
0.01022,4.05000019,1.53125
0.01024,4.30000019,1.53125
0.01026,4.36250019,1.53125
0.01028,4.48750019,1.46875
0.0103,4.61250019,1.46875
0.01032,4.73750019,1.4375
0.01034,4.86250019,1.4375
0.01036,5.05000019,1.40625
0.01038,5.11250019,1.375
0.0104,5.23750019,1.3125
0.01042,5.36250019,1.34375
0.01044,5.55000019,1.28125
0.01046,5.67500019,1.25
0.01048,5.80000019,1.25
0.0105,5.92500019,1.1875
0.01052,6.05000019,1.1875
0.01054,6.17500019,1.1875
0.01056,6.23750019,1.15625
0.01058,6.42500019,1.09375
0.0106,6.55000019,1.09375
0.01062,6.55000019,1.0625
0.01064,6.73750019,1.03125
0.01066,6.80000019,1
0.01068,6.98750019,1
0.0107,7.05000019,0.96875
0.01072,7.11250019,0.9375
0.01074,7.30000019,0.9375
0.01076,7.42500019,0.9375
0.01078,7.42500019,0.90625
0.0108,7.55000019,0.875
0.01082,7.61250019,0.875
0.01084,7.73750019,0.875
0.01086,7.73750019,0.84375
0.01088,7.92500019,0.8125
0.0109,7.98750019,0.8125
0.01092,8.11250019,0.78125
0.01094,8.11250019,0.78125
0.01096,8.11250019,0.75
0.01098,8.23750019,0.75
0.011,8.30000019,0.71875
0.01102,8.30000019,0.75
0.01104,8.30000019,0.75
0.01106,8.36250019,0.75
0.01108,8.36250019,0.75
0.0111,8.48750019,0.71875
0.01112,8.42500019,0.6875
0.01114,8.55000019,0.71875
0.01116,8.55000019,0.71875
0.01118,8.48750019,0.6875
0.0112,8.55000019,0.71875
0.01122,8.48750019,0.71875
0.01124,8.48750019,0.71875
0.01126,8.55000019,0.75
0.01128,8.42500019,0.71875
0.0113,8.42500019,0.75
0.01132,8.42500019,0.71875
0.01134,8.36250019,0.75
0.01136,8.30000019,0.78125
0.01138,8.36250019,0.78125
0.0114,8.17500019,0.78125
0.01142,8.17500019,0.8125
0.01144,8.17500019,0.84375
0.01146,8.05000019,0.84375
0.01148,8.05000019,0.84375
0.0115,7.92500019,0.84375
0.01152,7.86250019,0.875
0.01154,7.73750019,0.90625
0.01156,7.73750019,0.9375
0.01158,7.61250019,0.9375
0.0116,7.55000019,0.96875
0.01162,7.48750019,1
0.01164,7.30000019,1
0.01166,7.36250019,1.03125
0.01168,7.17500019,1.0625
0.0117,7.05000019,1.0625
0.01172,6.86250019,1.09375
0.01174,6.92500019,1.125
0.01176,6.73750019,1.15625
0.01178,6.61250019,1.1875
0.0118,6.42500019,1.1875
0.01182,6.30000019,1.21875
0.01184,6.23750019,1.25
0.01186,6.11250019,1.28125
0.01188,5.98750019,1.3125
0.0119,5.86250019,1.3125
0.01192,5.73750019,1.34375
0.01194,5.48750019,1.375
0.01196,5.48750019,1.40625
0.01198,5.36250019,1.40625
0.012,5.23750019,1.46875
0.01202,5.17500019,1.46875
0.01204,4.92500019,1.46875
0.01206,4.86250019,1.53125
0.01208,4.80000019,1.5625
0.0121,4.55000019,1.59375
0.01212,4.48750019,1.65625
0.01214,4.30000019,1.625
0.01216,4.17500019,1.6875
0.01218,3.98750019,1.6875
0.0122,3.92500019,1.6875
0.01222,3.73750019,1.71875
0.01224,3.67500019,1.75
0.01226,3.61250019,1.78125
0.01228,3.42500019,1.8125
0.0123,3.30000019,1.8125
0.01232,3.23750019,1.84375
0.01234,3.11250019,1.875
0.01236,2.98750019,1.84375
0.01238,2.86250019,1.9375
0.0124,2.80000019,1.90625
0.01242,2.73750019,1.9375
0.01244,2.61250019,1.9375
0.01246,2.55000019,1.96875
0.01248,2.42500019,1.96875
0.0125,2.30000019,2
0.01252,2.23750019,2.0625
0.01254,2.23750019,2.03125
0.01256,2.11250019,2.0625
0.01258,2.05000019,2.0625
0.0126,1.92500019,2.0625
0.01262,1.92500019,2.125
0.01264,1.86250019,2.09375
0.01266,1.80000019,2.09375
0.01268,1.67500019,2.0625
0.0127,1.67500019,2.125
0.01272,1.67500019,2.15625
0.01274,1.67500019,2.125
0.01276,1.61250019,2.15625
0.01278,1.55000019,2.125
0.0128,1.55000019,2.125
0.01282,1.55000019,2.15625
0.01284,1.61250019,2.15625
0.01286,1.55000019,2.15625
0.01288,1.48750019,2.15625
0.0129,1.55000019,2.125
0.01292,1.55000019,2.125
0.01294,1.61250019,2.125
0.01296,1.55000019,2.125
0.01298,1.61250019,2.09375
0.013,1.67500019,2.09375
0.01302,1.67500019,2.09375
0.01304,1.73750019,2.125
0.01306,1.80000019,2.09375
0.01308,1.86250019,2.0625
0.0131,1.86250019,2.0625
0.01312,1.92500019,2.03125
0.01314,1.98750019,2
0.01316,2.05000019,2
0.01318,2.11250019,1.96875
0.0132,2.17500019,1.96875
0.01322,2.30000019,1.9375
0.01324,2.36250019,1.9375
0.01326,2.42500019,1.90625
0.01328,2.48750019,1.90625
0.0133,2.67500019,1.84375
0.01332,2.73750019,1.90625
0.01334,2.80000019,1.8125
0.01336,2.92500019,1.8125
0.01338,3.05000019,1.78125
0.0134,3.11250019,1.75
0.01342,3.23750019,1.75
0.01344,3.36250019,1.71875
0.01346,3.55000019,1.71875
0.01348,3.67500019,1.6875
0.0135,3.73750019,1.625
0.01352,3.80000019,1.625
0.01354,4.05000019,1.5625
0.01356,4.05000019,1.5625
0.01358,4.23750019,1.53125
0.0136,4.36250019,1.53125
0.01362,4.55000019,1.53125
0.01364,4.61250019,1.5
0.01366,4.80000019,1.4375
0.01368,4.92500019,1.40625
0.0137,4.98750019,1.40625
0.01372,5.11250019,1.375
0.01374,5.23750019,1.3125
0.01376,5.42500019,1.34375
0.01378,5.67500019,1.28125
0.0138,5.67500019,1.25
0.01382,5.80000019,1.21875
0.01384,5.92500019,1.15625
0.01386,6.05000019,1.15625
0.01388,6.17500019,1.15625
0.0139,6.30000019,1.125
0.01392,6.42500019,1.125
0.01394,6.55000019,1.09375
0.01396,6.61250019,1.03125
0.01398,6.73750019,1.0625
0.014,6.86250019,0.96875
0.01402,6.98750019,1.03125
0.01404,7.11250019,0.9375
0.01406,7.23750019,0.96875
0.01408,7.36250019,0.9375
0.0141,7.42500019,0.90625
0.01412,7.48750019,0.875
0.01414,7.67500019,0.875
0.01416,7.61250019,0.84375
0.01418,7.73750019,0.8125
0.0142,7.80000019,0.8125
0.01422,7.92500019,0.78125
0.01424,8.05000019,0.78125
0.01426,8.05000019,0.75
0.01428,8.05000019,0.78125
0.0143,8.11250019,0.75
0.01432,8.23750019,0.75
0.01434,8.30000019,0.78125
0.01436,8.23750019,0.75
0.01438,8.36250019,0.75
0.0144,8.42500019,0.71875
0.01442,8.42500019,0.71875
0.01444,8.48750019,0.6875
0.01446,8.48750019,0.6875
0.01448,8.48750019,0.75
0.0145,8.55000019,0.71875
0.01452,8.55000019,0.6875
0.01454,8.48750019,0.6875
0.01456,8.48750019,0.71875
0.01458,8.48750019,0.75
0.0146,8.42500019,0.71875
0.01462,8.42500019,0.71875
0.01464,8.42500019,0.71875
0.01466,8.42500019,0.75
0.01468,8.36250019,0.75
0.0147,8.30000019,0.75
0.01472,8.30000019,0.8125
0.01474,8.23750019,0.8125
0.01476,8.17500019,0.8125
0.01478,8.11250019,0.84375
0.0148,8.11250019,0.84375
0.01482,7.98750019,0.84375
0.01484,7.98750019,0.875
0.01486,7.86250019,0.9375
0.01488,7.73750019,0.875
0.0149,7.67500019,0.9375
0.01492,7.61250019,0.9375
0.01494,7.48750019,0.96875
0.01496,7.36250019,0.96875
0.01498,7.36250019,1.03125
0.015,7.23750019,1.03125
0.01502,7.11250019,1.0625
0.01504,6.98750019,1.09375
0.01506,6.86250019,1.09375
0.01508,6.80000019,1.125
0.0151,6.67500019,1.15625
0.01512,6.67500019,1.1875
0.01514,6.36250019,1.21875
0.01516,6.36250019,1.25
0.01518,6.17500019,1.25
0.0152,6.11250019,1.28125
0.01522,5.92500019,1.3125
0.01524,5.80000019,1.34375
0.01526,5.80000019,1.34375
0.01528,5.55000019,1.375
0.0153,5.42500019,1.4375
0.01532,5.23750019,1.4375
0.01534,5.11250019,1.4375
0.01536,5.05000019,1.5
0.01538,4.86250019,1.5
0.0154,4.80000019,1.53125
0.01542,4.67500019,1.59375
0.01544,4.48750019,1.5625
0.01546,4.36250019,1.625
0.01548,4.30000019,1.65625
0.0155,4.11250019,1.65625
0.01552,4.05000019,1.6875
0.01554,3.86250019,1.71875
0.01556,3.73750019,1.75
0.01558,3.61250019,1.78125
0.0156,3.42500019,1.75
0.01562,3.36250019,1.8125
0.01564,3.30000019,1.84375
0.01566,3.17500019,1.84375
0.01568,2.98750019,1.875
0.0157,2.98750019,1.875
0.01572,2.86250019,1.90625
0.01574,2.73750019,1.9375
0.01576,2.67500019,1.9375
0.01578,2.55000019,1.96875
0.0158,2.42500019,1.96875
0.01582,2.36250019,1.96875
0.01584,2.30000019,2.03125
0.01586,2.17500019,2.03125
0.01588,2.17500019,2.03125
0.0159,2.11250019,2.0625
0.01592,1.98750019,2.0625
0.01594,1.92500019,2.0625
0.01596,1.86250019,2.09375
0.01598,1.86250019,2.09375
0.016,1.73750019,2.125
0.01602,1.73750019,2.125
0.01604,1.67500019,2.125
0.01606,1.67500019,2.125
0.01608,1.61250019,2.15625
0.0161,1.61250019,2.125
0.01612,1.55000019,2.125
0.01614,1.55000019,2.125
0.01616,1.48750019,2.125
0.01618,1.48750019,2.125
0.0162,1.55000019,2.15625
0.01622,1.55000019,2.125
0.01624,1.55000019,2.15625
0.01626,1.55000019,2.15625
0.01628,1.55000019,2.15625
0.0163,1.55000019,2.125
0.01632,1.67500019,2.125
0.01634,1.67500019,2.09375
0.01636,1.73750019,2.09375
0.01638,1.73750019,2.0625
0.0164,1.73750019,2.09375
0.01642,1.86250019,2.0625
0.01644,1.92500019,2.03125
0.01646,1.98750019,2.03125
0.01648,1.98750019,2.03125
0.0165,2.05000019,1.96875
0.01652,2.11250019,1.96875
0.01654,2.23750019,1.96875
0.01656,2.36250019,1.96875
0.01658,2.42500019,1.9375
0.0166,2.42500019,1.90625
0.01662,2.48750019,1.84375
0.01664,2.67500019,1.875
0.01666,2.73750019,1.84375
0.01668,2.86250019,1.84375
0.0167,2.98750019,1.78125
0.01672,2.98750019,1.75
0.01674,3.17500019,1.75
0.01676,3.23750019,1.75
0.01678,3.42500019,1.71875
0.0168,3.48750019,1.6875
0.01682,3.67500019,1.65625
0.01684,3.73750019,1.625
0.01686,3.92500019,1.59375
0.01688,4.05000019,1.59375
0.0169,4.11250019,1.5625
0.01692,4.30000019,1.53125
0.01694,4.48750019,1.5
0.01696,4.55000019,1.46875
0.01698,4.73750019,1.46875
0.017,4.80000019,1.4375
0.01702,4.98750019,1.40625
0.01704,5.05000019,1.375
0.01706,5.23750019,1.375
0.01708,5.30000019,1.34375
0.0171,5.48750019,1.28125
0.01712,5.55000019,1.28125
0.01714,5.67500019,1.25
0.01716,5.86250019,1.1875
0.01718,6.05000019,1.1875
0.0172,6.17500019,1.15625
0.01722,6.23750019,1.125
0.01724,6.30000019,1.125
0.01726,6.48750019,1.09375
0.01728,6.55000019,1.09375
0.0173,6.67500019,1.0625
0.01732,6.86250019,1.03125
0.01734,6.98750019,1
0.01736,6.98750019,1
0.01738,7.11250019,0.96875
0.0174,7.23750019,0.9375
0.01742,7.36250019,0.90625
0.01744,7.42500019,0.90625
0.01746,7.55000019,0.90625
0.01748,7.67500019,0.875
0.0175,7.73750019,0.84375
0.01752,7.80000019,0.84375
0.01754,7.86250019,0.8125
0.01756,7.92500019,0.8125
0.01758,8.05000019,0.8125
0.0176,8.05000019,0.78125
0.01762,8.11250019,0.78125
0.01764,8.17500019,0.75
0.01766,8.23750019,0.75
0.01768,8.23750019,0.75
0.0177,8.30000019,0.75
0.01772,8.36250019,0.71875
0.01774,8.42500019,0.71875
0.01776,8.36250019,0.6875
0.01778,8.42500019,0.71875
0.0178,8.48750019,0.71875
0.01782,8.48750019,0.71875
0.01784,8.48750019,0.71875
0.01786,8.48750019,0.71875
0.01788,8.48750019,0.75
0.0179,8.42500019,0.71875
0.01792,8.42500019,0.71875
0.01794,8.36250019,0.75
0.01796,8.42500019,0.75
0.01798,8.36250019,0.75
0.018,8.30000019,0.75
0.01802,8.36250019,0.78125
0.01804,8.30000019,0.75
0.01806,8.30000019,0.78125
0.01808,8.17500019,0.78125
0.0181,8.17500019,0.8125
0.01812,8.05000019,0.84375
0.01814,8.05000019,0.84375
0.01816,7.98750019,0.875
0.01818,7.92500019,0.875
0.0182,7.86250019,0.90625
0.01822,7.73750019,0.9375
0.01824,7.67500019,0.90625
0.01826,7.55000019,0.96875
0.01828,7.48750019,0.96875
0.0183,7.42500019,1
0.01832,7.30000019,1
0.01834,7.23750019,1.03125
0.01836,7.11250019,1.0625
0.01838,6.92500019,1.125
0.0184,6.86250019,1.09375
0.01842,6.86250019,1.125
0.01844,6.61250019,1.15625
0.01846,6.48750019,1.1875
0.01848,6.42500019,1.1875
0.0185,6.30000019,1.21875
0.01852,6.23750019,1.28125
0.01854,6.05000019,1.34375
0.01856,5.98750019,1.34375
0.01858,5.80000019,1.34375
0.0186,5.67500019,1.34375
0.01862,5.55000019,1.34375
0.01864,5.42500019,1.4375
0.01866,5.23750019,1.40625
0.01868,5.17500019,1.46875
0.0187,5.05000019,1.5
0.01872,4.92500019,1.5
0.01874,4.73750019,1.53125
0.01876,4.61250019,1.59375
0.01878,4.42500019,1.59375
0.0188,4.36250019,1.625
0.01882,4.23750019,1.65625
0.01884,4.11250019,1.71875
0.01886,3.92500019,1.71875
0.01888,3.86250019,1.71875
0.0189,3.67500019,1.75
0.01892,3.61250019,1.78125
0.01894,3.48750019,1.78125
0.01896,3.36250019,1.8125
0.01898,3.23750019,1.84375
0.019,3.17500019,1.84375
0.01902,2.98750019,1.90625
0.01904,2.92500019,1.875
0.01906,2.86250019,1.9375
0.01908,2.73750019,1.9375
0.0191,2.61250019,1.96875
0.01912,2.55000019,2
0.01914,2.42500019,2
0.01916,2.36250019,2
0.01918,2.23750019,2
0.0192,2.17500019,2
0.01922,2.11250019,2.0625
0.01924,2.05000019,2.0625
0.01926,1.98750019,2.0625
0.01928,1.86250019,2.09375
0.0193,1.80000019,2.09375
0.01932,1.80000019,2.125
0.01934,1.73750019,2.09375
0.01936,1.67500019,2.125
0.01938,1.67500019,2.125
0.0194,1.67500019,2.125
0.01942,1.61250019,2.15625
0.01944,1.61250019,2.15625
0.01946,1.55000019,2.125
0.01948,1.55000019,2.125
0.0195,1.55000019,2.15625
0.01952,1.55000019,2.15625
0.01954,1.48750019,2.15625
0.01956,1.55000019,2.15625
0.01958,1.48750019,2.125
0.0196,1.48750019,2.125
0.01962,1.61250019,2.125
0.01964,1.61250019,2.125
0.01966,1.61250019,2.125
0.01968,1.67500019,2.09375
0.0197,1.73750019,2.09375
0.01972,1.67500019,2.0625
0.01974,1.80000019,2.0625
0.01976,1.80000019,2.0625
0.01978,1.92500019,2.03125
0.0198,1.98750019,2.03125
0.01982,2.05000019,2
0.01984,2.11250019,1.96875
0.01986,2.17500019,1.96875
0.01988,2.30000019,1.9375
0.0199,2.36250019,1.9375
0.01992,2.48750019,1.9375
0.01994,2.55000019,1.875
0.01996,2.61250019,1.90625
0.01998,2.73750019,1.84375
